log2_accesses,addr_bits,name,cost,k
0,4,bitsplit,4.0,
0,4,sort,51.0,
0,4,subbitsplit,18.0,2
0,4,gcd_uniq,6.0,
3,4,bitsplit,32.0,
3,4,sort,72.0,
3,4,subbitsplit,56.0,3
3,4,gcd_uniq,48.0,
6,4,bitsplit,256.0,
6,4,sort,240.0,
6,4,subbitsplit,240.0,4
6,4,gcd_uniq,384.0,
9,4,bitsplit,2048.0,
9,4,sort,1584.0,
9,4,subbitsplit,1584.0,4
9,4,gcd_uniq,3072.0,
12,4,bitsplit,16384.0,
12,4,sort,12336.0,
12,4,subbitsplit,12336.0,4
12,4,gcd_uniq,24576.0,
15,4,bitsplit,131072.0,
15,4,sort,98352.0,
15,4,subbitsplit,98352.0,4
15,4,gcd_uniq,196608.0,
18,4,bitsplit,1048576.0,
18,4,sort,786480.0,
18,4,subbitsplit,786480.0,4
18,4,gcd_uniq,1572864.0,
0,5,bitsplit,5.0,
0,5,sort,99.0,
0,5,subbitsplit,19.0,2
0,5,gcd_uniq,6.0,
3,5,bitsplit,40.0,
3,5,sort,120.0,
3,5,subbitsplit,64.0,3
3,5,gcd_uniq,48.0,
6,5,bitsplit,320.0,
6,5,sort,288.0,
6,5,subbitsplit,288.0,5
6,5,gcd_uniq,384.0,
9,5,bitsplit,2560.0,
9,5,sort,1632.0,
9,5,subbitsplit,1632.0,5
9,5,gcd_uniq,3072.0,
12,5,bitsplit,20480.0,
12,5,sort,12384.0,
12,5,subbitsplit,12384.0,5
12,5,gcd_uniq,24576.0,
15,5,bitsplit,163840.0,
15,5,sort,98400.0,
15,5,subbitsplit,98400.0,5
15,5,gcd_uniq,196608.0,
18,5,bitsplit,1310720.0,
18,5,sort,786528.0,
18,5,subbitsplit,786528.0,5
18,5,gcd_uniq,1572864.0,
0,6,bitsplit,6.0,
0,6,sort,195.0,
0,6,subbitsplit,21.0,2
0,6,gcd_uniq,6.0,
3,6,bitsplit,48.0,
3,6,sort,216.0,
3,6,subbitsplit,72.0,3
3,6,gcd_uniq,48.0,
6,6,bitsplit,384.0,
6,6,sort,384.0,
6,6,subbitsplit,352.0,5
6,6,gcd_uniq,384.0,
9,6,bitsplit,3072.0,
9,6,sort,1728.0,
9,6,subbitsplit,1728.0,6
9,6,gcd_uniq,3072.0,
12,6,bitsplit,24576.0,
12,6,sort,12480.0,
12,6,subbitsplit,12480.0,6
12,6,gcd_uniq,24576.0,
15,6,bitsplit,196608.0,
15,6,sort,98496.0,
15,6,subbitsplit,98496.0,6
15,6,gcd_uniq,196608.0,
18,6,bitsplit,1572864.0,
18,6,sort,786624.0,
18,6,subbitsplit,786624.0,6
18,6,gcd_uniq,1572864.0,
0,7,bitsplit,7.0,
0,7,sort,387.0,
0,7,subbitsplit,22.0,2
0,7,gcd_uniq,6.0,
3,7,bitsplit,56.0,
3,7,sort,408.0,
3,7,subbitsplit,80.0,3
3,7,gcd_uniq,48.0,
6,7,bitsplit,448.0,
6,7,sort,576.0,
6,7,subbitsplit,416.0,5
6,7,gcd_uniq,384.0,
9,7,bitsplit,3584.0,
9,7,sort,1920.0,
9,7,subbitsplit,1920.0,7
9,7,gcd_uniq,3072.0,
12,7,bitsplit,28672.0,
12,7,sort,12672.0,
12,7,subbitsplit,12672.0,7
12,7,gcd_uniq,24576.0,
15,7,bitsplit,229376.0,
15,7,sort,98688.0,
15,7,subbitsplit,98688.0,7
15,7,gcd_uniq,196608.0,
18,7,bitsplit,1835008.0,
18,7,sort,786816.0,
18,7,subbitsplit,786816.0,7
18,7,gcd_uniq,1572864.0,
0,8,bitsplit,8.0,
0,8,sort,771.0,
0,8,subbitsplit,24.0,2
0,8,gcd_uniq,6.0,
3,8,bitsplit,64.0,
3,8,sort,792.0,
3,8,subbitsplit,88.0,3
3,8,gcd_uniq,48.0,
6,8,bitsplit,512.0,
6,8,sort,960.0,
6,8,subbitsplit,432.0,4
6,8,gcd_uniq,384.0,
9,8,bitsplit,4096.0,
9,8,sort,2304.0,
9,8,subbitsplit,2304.0,8
9,8,gcd_uniq,3072.0,
12,8,bitsplit,32768.0,
12,8,sort,13056.0,
12,8,subbitsplit,13056.0,8
12,8,gcd_uniq,24576.0,
15,8,bitsplit,262144.0,
15,8,sort,99072.0,
15,8,subbitsplit,99072.0,8
15,8,gcd_uniq,196608.0,
18,8,bitsplit,2097152.0,
18,8,sort,787200.0,
18,8,subbitsplit,787200.0,8
18,8,gcd_uniq,1572864.0,
0,9,bitsplit,9.0,
0,9,sort,1539.0,
0,9,subbitsplit,25.0,2
0,9,gcd_uniq,6.0,
3,9,bitsplit,72.0,
3,9,sort,1560.0,
3,9,subbitsplit,96.0,3
3,9,gcd_uniq,48.0,
6,9,bitsplit,576.0,
6,9,sort,1728.0,
6,9,subbitsplit,496.0,4
6,9,gcd_uniq,384.0,
9,9,bitsplit,4608.0,
9,9,sort,3072.0,
9,9,subbitsplit,2816.0,8
9,9,gcd_uniq,3072.0,
12,9,bitsplit,36864.0,
12,9,sort,13824.0,
12,9,subbitsplit,13824.0,9
12,9,gcd_uniq,24576.0,
15,9,bitsplit,294912.0,
15,9,sort,99840.0,
15,9,subbitsplit,99840.0,9
15,9,gcd_uniq,196608.0,
18,9,bitsplit,2359296.0,
18,9,sort,787968.0,
18,9,subbitsplit,787968.0,9
18,9,gcd_uniq,1572864.0,
0,10,bitsplit,10.0,
0,10,sort,3075.0,
0,10,subbitsplit,27.0,2
0,10,gcd_uniq,6.0,
3,10,bitsplit,80.0,
3,10,sort,3096.0,
3,10,subbitsplit,104.0,3
3,10,gcd_uniq,48.0,
6,10,bitsplit,640.0,
6,10,sort,3264.0,
6,10,subbitsplit,480.0,5
6,10,gcd_uniq,384.0,
9,10,bitsplit,5120.0,
9,10,sort,4608.0,
9,10,subbitsplit,3168.0,5
9,10,gcd_uniq,3072.0,
12,10,bitsplit,40960.0,
12,10,sort,15360.0,
12,10,subbitsplit,15360.0,10
12,10,gcd_uniq,24576.0,
15,10,bitsplit,327680.0,
15,10,sort,101376.0,
15,10,subbitsplit,101376.0,10
15,10,gcd_uniq,196608.0,
18,10,bitsplit,2621440.0,
18,10,sort,789504.0,
18,10,subbitsplit,789504.0,10
18,10,gcd_uniq,1572864.0,
0,11,bitsplit,11.0,
0,11,sort,6147.0,
0,11,subbitsplit,28.0,2
0,11,gcd_uniq,6.0,
3,11,bitsplit,88.0,
3,11,sort,6168.0,
3,11,subbitsplit,112.0,3
3,11,gcd_uniq,48.0,
6,11,bitsplit,704.0,
6,11,sort,6336.0,
6,11,subbitsplit,544.0,5
6,11,gcd_uniq,384.0,
9,11,bitsplit,5632.0,
9,11,sort,7680.0,
9,11,subbitsplit,3680.0,5
9,11,gcd_uniq,3072.0,
12,11,bitsplit,45056.0,
12,11,sort,18432.0,
12,11,subbitsplit,18432.0,11
12,11,gcd_uniq,24576.0,
15,11,bitsplit,360448.0,
15,11,sort,104448.0,
15,11,subbitsplit,104448.0,11
15,11,gcd_uniq,196608.0,
18,11,bitsplit,2883584.0,
18,11,sort,792576.0,
18,11,subbitsplit,792576.0,11
18,11,gcd_uniq,1572864.0,
0,12,bitsplit,12.0,
0,12,sort,12291.0,
0,12,subbitsplit,30.0,2
0,12,gcd_uniq,6.0,
3,12,bitsplit,96.0,
3,12,sort,12312.0,
3,12,subbitsplit,120.0,4
3,12,gcd_uniq,48.0,
6,12,bitsplit,768.0,
6,12,sort,12480.0,
6,12,subbitsplit,576.0,6
6,12,gcd_uniq,384.0,
9,12,bitsplit,6144.0,
9,12,sort,13824.0,
9,12,subbitsplit,3264.0,6
9,12,gcd_uniq,3072.0,
12,12,bitsplit,49152.0,
12,12,sort,24576.0,
12,12,subbitsplit,22528.0,11
12,12,gcd_uniq,24576.0,
15,12,bitsplit,393216.0,
15,12,sort,110592.0,
15,12,subbitsplit,110592.0,12
15,12,gcd_uniq,196608.0,
18,12,bitsplit,3145728.0,
18,12,sort,798720.0,
18,12,subbitsplit,798720.0,12
18,12,gcd_uniq,1572864.0,
0,13,bitsplit,13.0,
0,13,sort,24579.0,
0,13,subbitsplit,31.0,2
0,13,gcd_uniq,6.0,
3,13,bitsplit,104.0,
3,13,sort,24600.0,
3,13,subbitsplit,128.0,4
3,13,gcd_uniq,48.0,
6,13,bitsplit,832.0,
6,13,sort,24768.0,
6,13,subbitsplit,640.0,6
6,13,gcd_uniq,384.0,
9,13,bitsplit,6656.0,
9,13,sort,26112.0,
9,13,subbitsplit,3776.0,6
9,13,gcd_uniq,3072.0,
12,13,bitsplit,53248.0,
12,13,sort,36864.0,
12,13,subbitsplit,26624.0,11
12,13,gcd_uniq,24576.0,
15,13,bitsplit,425984.0,
15,13,sort,122880.0,
15,13,subbitsplit,122880.0,13
15,13,gcd_uniq,196608.0,
18,13,bitsplit,3407872.0,
18,13,sort,811008.0,
18,13,subbitsplit,811008.0,13
18,13,gcd_uniq,1572864.0,
0,14,bitsplit,14.0,
0,14,sort,49155.0,
0,14,subbitsplit,33.0,2
0,14,gcd_uniq,6.0,
3,14,bitsplit,112.0,
3,14,sort,49176.0,
3,14,subbitsplit,136.0,4
3,14,gcd_uniq,48.0,
6,14,bitsplit,896.0,
6,14,sort,49344.0,
6,14,subbitsplit,704.0,6
6,14,gcd_uniq,384.0,
9,14,bitsplit,7168.0,
9,14,sort,50688.0,
9,14,subbitsplit,3456.0,7
9,14,gcd_uniq,3072.0,
12,14,bitsplit,57344.0,
12,14,sort,61440.0,
12,14,subbitsplit,24960.0,7
12,14,gcd_uniq,24576.0,
15,14,bitsplit,458752.0,
15,14,sort,147456.0,
15,14,subbitsplit,147456.0,14
15,14,gcd_uniq,196608.0,
18,14,bitsplit,3670016.0,
18,14,sort,835584.0,
18,14,subbitsplit,835584.0,14
18,14,gcd_uniq,1572864.0,
0,15,bitsplit,15.0,
0,15,sort,98307.0,
0,15,subbitsplit,34.0,2
0,15,gcd_uniq,6.0,
3,15,bitsplit,120.0,
3,15,sort,98328.0,
3,15,subbitsplit,144.0,4
3,15,gcd_uniq,48.0,
6,15,bitsplit,960.0,
6,15,sort,98496.0,
6,15,subbitsplit,672.0,5
6,15,gcd_uniq,384.0,
9,15,bitsplit,7680.0,
9,15,sort,99840.0,
9,15,subbitsplit,3968.0,7
9,15,gcd_uniq,3072.0,
12,15,bitsplit,61440.0,
12,15,sort,110592.0,
12,15,subbitsplit,29056.0,7
12,15,gcd_uniq,24576.0,
15,15,bitsplit,491520.0,
15,15,sort,196608.0,
15,15,subbitsplit,180224.0,14
15,15,gcd_uniq,196608.0,
18,15,bitsplit,3932160.0,
18,15,sort,884736.0,
18,15,subbitsplit,884736.0,15
18,15,gcd_uniq,1572864.0,
0,16,bitsplit,16.0,
0,16,sort,196611.0,
0,16,subbitsplit,36.0,2
0,16,gcd_uniq,6.0,
3,16,bitsplit,128.0,
3,16,sort,196632.0,
3,16,subbitsplit,144.0,4
3,16,gcd_uniq,48.0,
6,16,bitsplit,1024.0,
6,16,sort,196800.0,
6,16,subbitsplit,736.0,5
6,16,gcd_uniq,384.0,
9,16,bitsplit,8192.0,
9,16,sort,198144.0,
9,16,subbitsplit,3840.0,8
9,16,gcd_uniq,3072.0,
12,16,bitsplit,65536.0,
12,16,sort,208896.0,
12,16,subbitsplit,25344.0,8
12,16,gcd_uniq,24576.0,
15,16,bitsplit,524288.0,
15,16,sort,294912.0,
15,16,subbitsplit,197376.0,8
15,16,gcd_uniq,196608.0,
18,16,bitsplit,4194304.0,
18,16,sort,983040.0,
18,16,subbitsplit,983040.0,16
18,16,gcd_uniq,1572864.0,
0,17,bitsplit,17.0,
0,17,sort,393219.0,
0,17,subbitsplit,37.0,2
0,17,gcd_uniq,6.0,
3,17,bitsplit,136.0,
3,17,sort,393240.0,
3,17,subbitsplit,152.0,4
3,17,gcd_uniq,48.0,
6,17,bitsplit,1088.0,
6,17,sort,393408.0,
6,17,subbitsplit,800.0,5
6,17,gcd_uniq,384.0,
9,17,bitsplit,8704.0,
9,17,sort,394752.0,
9,17,subbitsplit,4352.0,8
9,17,gcd_uniq,3072.0,
12,17,bitsplit,69632.0,
12,17,sort,405504.0,
12,17,subbitsplit,29440.0,8
12,17,gcd_uniq,24576.0,
15,17,bitsplit,557056.0,
15,17,sort,491520.0,
15,17,subbitsplit,230144.0,8
15,17,gcd_uniq,196608.0,
18,17,bitsplit,4456448.0,
18,17,sort,1179648.0,
18,17,subbitsplit,1179648.0,17
18,17,gcd_uniq,1572864.0,
0,18,bitsplit,18.0,
0,18,sort,786435.0,
0,18,subbitsplit,39.0,2
0,18,gcd_uniq,6.0,
3,18,bitsplit,144.0,
3,18,sort,786456.0,
3,18,subbitsplit,160.0,4
3,18,gcd_uniq,48.0,
6,18,bitsplit,1152.0,
6,18,sort,786624.0,
6,18,subbitsplit,768.0,6
6,18,gcd_uniq,384.0,
9,18,bitsplit,9216.0,
9,18,sort,787968.0,
9,18,subbitsplit,4608.0,9
9,18,gcd_uniq,3072.0,
12,18,bitsplit,73728.0,
12,18,sort,798720.0,
12,18,subbitsplit,26112.0,9
12,18,gcd_uniq,24576.0,
15,18,bitsplit,589824.0,
15,18,sort,884736.0,
15,18,subbitsplit,198144.0,9
15,18,gcd_uniq,196608.0,
18,18,bitsplit,4718592.0,
18,18,sort,1572864.0,
18,18,subbitsplit,1441792.0,17
18,18,gcd_uniq,1572864.0,
0,19,bitsplit,19.0,
0,19,sort,1572867.0,
0,19,subbitsplit,40.0,2
0,19,gcd_uniq,6.0,
3,19,bitsplit,152.0,
3,19,sort,1572888.0,
3,19,subbitsplit,168.0,4
3,19,gcd_uniq,48.0,
6,19,bitsplit,1216.0,
6,19,sort,1573056.0,
6,19,subbitsplit,832.0,6
6,19,gcd_uniq,384.0,
9,19,bitsplit,9728.0,
9,19,sort,1574400.0,
9,19,subbitsplit,5120.0,9
9,19,gcd_uniq,3072.0,
12,19,bitsplit,77824.0,
12,19,sort,1585152.0,
12,19,subbitsplit,30208.0,9
12,19,gcd_uniq,24576.0,
15,19,bitsplit,622592.0,
15,19,sort,1671168.0,
15,19,subbitsplit,230912.0,9
15,19,gcd_uniq,196608.0,
18,19,bitsplit,4980736.0,
18,19,sort,2359296.0,
18,19,subbitsplit,1703936.0,17
18,19,gcd_uniq,1572864.0,
0,20,bitsplit,20.0,
0,20,sort,3145731.0,
0,20,subbitsplit,42.0,2
0,20,gcd_uniq,6.0,
3,20,bitsplit,160.0,
3,20,sort,3145752.0,
3,20,subbitsplit,168.0,4
3,20,gcd_uniq,48.0,
6,20,bitsplit,1280.0,
6,20,sort,3145920.0,
6,20,subbitsplit,864.0,5
6,20,gcd_uniq,384.0,
9,20,bitsplit,10240.0,
9,20,sort,3147264.0,
9,20,subbitsplit,5632.0,9
9,20,gcd_uniq,3072.0,
12,20,bitsplit,81920.0,
12,20,sort,3158016.0,
12,20,subbitsplit,27648.0,10
12,20,gcd_uniq,24576.0,
15,20,bitsplit,655360.0,
15,20,sort,3244032.0,
15,20,subbitsplit,199680.0,10
15,20,gcd_uniq,196608.0,
18,20,bitsplit,5242880.0,
18,20,sort,3932160.0,
18,20,subbitsplit,1575936.0,10
18,20,gcd_uniq,1572864.0,
0,21,bitsplit,21.0,
0,21,sort,6291459.0,
0,21,subbitsplit,43.0,2
0,21,gcd_uniq,6.0,
3,21,bitsplit,168.0,
3,21,sort,6291480.0,
3,21,subbitsplit,176.0,4
3,21,gcd_uniq,48.0,
6,21,bitsplit,1344.0,
6,21,sort,6291648.0,
6,21,subbitsplit,928.0,5
6,21,gcd_uniq,384.0,
9,21,bitsplit,10752.0,
9,21,sort,6292992.0,
9,21,subbitsplit,4992.0,7
9,21,gcd_uniq,3072.0,
12,21,bitsplit,86016.0,
12,21,sort,6303744.0,
12,21,subbitsplit,31744.0,10
12,21,gcd_uniq,24576.0,
15,21,bitsplit,688128.0,
15,21,sort,6389760.0,
15,21,subbitsplit,232448.0,10
15,21,gcd_uniq,196608.0,
18,21,bitsplit,5505024.0,
18,21,sort,7077888.0,
18,21,subbitsplit,1838080.0,10
18,21,gcd_uniq,1572864.0,
0,22,bitsplit,22.0,
0,22,sort,12582915.0,
0,22,subbitsplit,45.0,2
0,22,gcd_uniq,6.0,
3,22,bitsplit,176.0,
3,22,sort,12582936.0,
3,22,subbitsplit,184.0,4
3,22,gcd_uniq,48.0,
6,22,bitsplit,1408.0,
6,22,sort,12583104.0,
6,22,subbitsplit,992.0,5
6,22,gcd_uniq,384.0,
9,22,bitsplit,11264.0,
9,22,sort,12584448.0,
9,22,subbitsplit,5504.0,7
9,22,gcd_uniq,3072.0,
12,22,bitsplit,90112.0,
12,22,sort,12595200.0,
12,22,subbitsplit,30720.0,11
12,22,gcd_uniq,24576.0,
15,22,bitsplit,720896.0,
15,22,sort,12681216.0,
15,22,subbitsplit,202752.0,11
15,22,gcd_uniq,196608.0,
18,22,bitsplit,5767168.0,
18,22,sort,13369344.0,
18,22,subbitsplit,1579008.0,11
18,22,gcd_uniq,1572864.0,
0,23,bitsplit,23.0,
0,23,sort,25165827.0,
0,23,subbitsplit,46.0,2
0,23,gcd_uniq,6.0,
3,23,bitsplit,184.0,
3,23,sort,25165848.0,
3,23,subbitsplit,192.0,4
3,23,gcd_uniq,48.0,
6,23,bitsplit,1472.0,
6,23,sort,25166016.0,
6,23,subbitsplit,1056.0,5
6,23,gcd_uniq,384.0,
9,23,bitsplit,11776.0,
9,23,sort,25167360.0,
9,23,subbitsplit,6016.0,7
9,23,gcd_uniq,3072.0,
12,23,bitsplit,94208.0,
12,23,sort,25178112.0,
12,23,subbitsplit,34816.0,11
12,23,gcd_uniq,24576.0,
15,23,bitsplit,753664.0,
15,23,sort,25264128.0,
15,23,subbitsplit,235520.0,11
15,23,gcd_uniq,196608.0,
18,23,bitsplit,6029312.0,
18,23,sort,25952256.0,
18,23,subbitsplit,1841152.0,11
18,23,gcd_uniq,1572864.0,
0,24,bitsplit,24.0,
0,24,sort,50331651.0,
0,24,subbitsplit,48.0,3
0,24,gcd_uniq,6.0,
3,24,bitsplit,192.0,
3,24,sort,50331672.0,
3,24,subbitsplit,192.0,4
3,24,gcd_uniq,48.0,
6,24,bitsplit,1536.0,
6,24,sort,50331840.0,
6,24,subbitsplit,960.0,6
6,24,gcd_uniq,384.0,
9,24,bitsplit,12288.0,
9,24,sort,50333184.0,
9,24,subbitsplit,5376.0,8
9,24,gcd_uniq,3072.0,
12,24,bitsplit,98304.0,
12,24,sort,50343936.0,
12,24,subbitsplit,36864.0,12
12,24,gcd_uniq,24576.0,
15,24,bitsplit,786432.0,
15,24,sort,50429952.0,
15,24,subbitsplit,208896.0,12
15,24,gcd_uniq,196608.0,
18,24,bitsplit,6291456.0,
18,24,sort,51118080.0,
18,24,subbitsplit,1585152.0,12
18,24,gcd_uniq,1572864.0,
0,25,bitsplit,25.0,
0,25,sort,100663299.0,
0,25,subbitsplit,49.0,3
0,25,gcd_uniq,6.0,
3,25,bitsplit,200.0,
3,25,sort,100663320.0,
3,25,subbitsplit,200.0,4
3,25,gcd_uniq,48.0,
6,25,bitsplit,1600.0,
6,25,sort,100663488.0,
6,25,subbitsplit,1024.0,6
6,25,gcd_uniq,384.0,
9,25,bitsplit,12800.0,
9,25,sort,100664832.0,
9,25,subbitsplit,5888.0,8
9,25,gcd_uniq,3072.0,
12,25,bitsplit,102400.0,
12,25,sort,100675584.0,
12,25,subbitsplit,40960.0,12
12,25,gcd_uniq,24576.0,
15,25,bitsplit,819200.0,
15,25,sort,100761600.0,
15,25,subbitsplit,241664.0,12
15,25,gcd_uniq,196608.0,
18,25,bitsplit,6553600.0,
18,25,sort,101449728.0,
18,25,subbitsplit,1847296.0,12
18,25,gcd_uniq,1572864.0,
0,26,bitsplit,26.0,
0,26,sort,201326595.0,
0,26,subbitsplit,50.0,3
0,26,gcd_uniq,6.0,
3,26,bitsplit,208.0,
3,26,sort,201326616.0,
3,26,subbitsplit,208.0,4
3,26,gcd_uniq,48.0,
6,26,bitsplit,1664.0,
6,26,sort,201326784.0,
6,26,subbitsplit,1088.0,6
6,26,gcd_uniq,384.0,
9,26,bitsplit,13312.0,
9,26,sort,201328128.0,
9,26,subbitsplit,6400.0,8
9,26,gcd_uniq,3072.0,
12,26,bitsplit,106496.0,
12,26,sort,201338880.0,
12,26,subbitsplit,45056.0,12
12,26,gcd_uniq,24576.0,
15,26,bitsplit,851968.0,
15,26,sort,201424896.0,
15,26,subbitsplit,221184.0,13
15,26,gcd_uniq,196608.0,
18,26,bitsplit,6815744.0,
18,26,sort,202113024.0,
18,26,subbitsplit,1597440.0,13
18,26,gcd_uniq,1572864.0,
0,27,bitsplit,27.0,
0,27,sort,402653187.0,
0,27,subbitsplit,51.0,3
0,27,gcd_uniq,6.0,
3,27,bitsplit,216.0,
3,27,sort,402653208.0,
3,27,subbitsplit,216.0,4
3,27,gcd_uniq,48.0,
6,27,bitsplit,1728.0,
6,27,sort,402653376.0,
6,27,subbitsplit,1152.0,6
6,27,gcd_uniq,384.0,
9,27,bitsplit,13824.0,
9,27,sort,402654720.0,
9,27,subbitsplit,6144.0,9
9,27,gcd_uniq,3072.0,
12,27,bitsplit,110592.0,
12,27,sort,402665472.0,
12,27,subbitsplit,38400.0,9
12,27,gcd_uniq,24576.0,
15,27,bitsplit,884736.0,
15,27,sort,402751488.0,
15,27,subbitsplit,253952.0,13
15,27,gcd_uniq,196608.0,
18,27,bitsplit,7077888.0,
18,27,sort,403439616.0,
18,27,subbitsplit,1859584.0,13
18,27,gcd_uniq,1572864.0,
0,28,bitsplit,28.0,
0,28,sort,805306371.0,
0,28,subbitsplit,52.0,3
0,28,gcd_uniq,6.0,
3,28,bitsplit,224.0,
3,28,sort,805306392.0,
3,28,subbitsplit,216.0,4
3,28,gcd_uniq,48.0,
6,28,bitsplit,1792.0,
6,28,sort,805306560.0,
6,28,subbitsplit,1152.0,7
6,28,gcd_uniq,384.0,
9,28,bitsplit,14336.0,
9,28,sort,805307904.0,
9,28,subbitsplit,6528.0,7
9,28,gcd_uniq,3072.0,
12,28,bitsplit,114688.0,
12,28,sort,805318656.0,
12,28,subbitsplit,42496.0,9
12,28,gcd_uniq,24576.0,
15,28,bitsplit,917504.0,
15,28,sort,805404672.0,
15,28,subbitsplit,245760.0,14
15,28,gcd_uniq,196608.0,
18,28,bitsplit,7340032.0,
18,28,sort,806092800.0,
18,28,subbitsplit,1622016.0,14
18,28,gcd_uniq,1572864.0,
0,29,bitsplit,29.0,
0,29,sort,1610612739.0,
0,29,subbitsplit,53.0,3
0,29,gcd_uniq,6.0,
3,29,bitsplit,232.0,
3,29,sort,1610612760.0,
3,29,subbitsplit,224.0,4
3,29,gcd_uniq,48.0,
6,29,bitsplit,1856.0,
6,29,sort,1610612928.0,
6,29,subbitsplit,1216.0,7
6,29,gcd_uniq,384.0,
9,29,bitsplit,14848.0,
9,29,sort,1610614272.0,
9,29,subbitsplit,7040.0,7
9,29,gcd_uniq,3072.0,
12,29,bitsplit,118784.0,
12,29,sort,1610625024.0,
12,29,subbitsplit,46592.0,9
12,29,gcd_uniq,24576.0,
15,29,bitsplit,950272.0,
15,29,sort,1610711040.0,
15,29,subbitsplit,278528.0,14
15,29,gcd_uniq,196608.0,
18,29,bitsplit,7602176.0,
18,29,sort,1611399168.0,
18,29,subbitsplit,1884160.0,14
18,29,gcd_uniq,1572864.0,
0,30,bitsplit,30.0,
0,30,sort,3221225475.0,
0,30,subbitsplit,54.0,3
0,30,gcd_uniq,6.0,
3,30,bitsplit,240.0,
3,30,sort,3221225496.0,
3,30,subbitsplit,232.0,4
3,30,gcd_uniq,48.0,
6,30,bitsplit,1920.0,
6,30,sort,3221225664.0,
6,30,subbitsplit,1152.0,6
6,30,gcd_uniq,384.0,
9,30,bitsplit,15360.0,
9,30,sort,3221227008.0,
9,30,subbitsplit,7552.0,7
9,30,gcd_uniq,3072.0,
12,30,bitsplit,122880.0,
12,30,sort,3221237760.0,
12,30,subbitsplit,39936.0,10
12,30,gcd_uniq,24576.0,
15,30,bitsplit,983040.0,
15,30,sort,3221323776.0,
15,30,subbitsplit,294912.0,15
15,30,gcd_uniq,196608.0,
18,30,bitsplit,7864320.0,
18,30,sort,3222011904.0,
18,30,subbitsplit,1671168.0,15
18,30,gcd_uniq,1572864.0,
0,31,bitsplit,31.0,
0,31,sort,6442450947.0,
0,31,subbitsplit,55.0,3
0,31,gcd_uniq,6.0,
3,31,bitsplit,248.0,
3,31,sort,6442450968.0,
3,31,subbitsplit,240.0,4
3,31,gcd_uniq,48.0,
6,31,bitsplit,1984.0,
6,31,sort,6442451136.0,
6,31,subbitsplit,1216.0,6
6,31,gcd_uniq,384.0,
9,31,bitsplit,15872.0,
9,31,sort,6442452480.0,
9,31,subbitsplit,8064.0,7
9,31,gcd_uniq,3072.0,
12,31,bitsplit,126976.0,
12,31,sort,6442463232.0,
12,31,subbitsplit,44032.0,10
12,31,gcd_uniq,24576.0,
15,31,bitsplit,1015808.0,
15,31,sort,6442549248.0,
15,31,subbitsplit,327680.0,15
15,31,gcd_uniq,196608.0,
18,31,bitsplit,8126464.0,
18,31,sort,6443237376.0,
18,31,subbitsplit,1933312.0,15
18,31,gcd_uniq,1572864.0,
0,32,bitsplit,32.0,
0,32,sort,12884901891.0,
0,32,subbitsplit,56.0,3
0,32,gcd_uniq,6.0,
3,32,bitsplit,256.0,
3,32,sort,12884901912.0,
3,32,subbitsplit,240.0,4
3,32,gcd_uniq,48.0,
6,32,bitsplit,2048.0,
6,32,sort,12884902080.0,
6,32,subbitsplit,1280.0,6
6,32,gcd_uniq,384.0,
9,32,bitsplit,16384.0,
9,32,sort,12884903424.0,
9,32,subbitsplit,6912.0,8
9,32,gcd_uniq,3072.0,
12,32,bitsplit,131072.0,
12,32,sort,12884914176.0,
12,32,subbitsplit,48128.0,10
12,32,gcd_uniq,24576.0,
15,32,bitsplit,1048576.0,
15,32,sort,12885000192.0,
15,32,subbitsplit,360448.0,15
15,32,gcd_uniq,196608.0,
18,32,bitsplit,8388608.0,
18,32,sort,12885688320.0,
18,32,subbitsplit,1769472.0,16
18,32,gcd_uniq,1572864.0,
0,33,bitsplit,33.0,
0,33,sort,25769803779.0,
0,33,subbitsplit,57.0,3
0,33,gcd_uniq,6.0,
3,33,bitsplit,264.0,
3,33,sort,25769803800.0,
3,33,subbitsplit,248.0,4
3,33,gcd_uniq,48.0,
6,33,bitsplit,2112.0,
6,33,sort,25769803968.0,
6,33,subbitsplit,1344.0,6
6,33,gcd_uniq,384.0,
9,33,bitsplit,16896.0,
9,33,sort,25769805312.0,
9,33,subbitsplit,7424.0,8
9,33,gcd_uniq,3072.0,
12,33,bitsplit,135168.0,
12,33,sort,25769816064.0,
12,33,subbitsplit,43008.0,11
12,33,gcd_uniq,24576.0,
15,33,bitsplit,1081344.0,
15,33,sort,25769902080.0,
15,33,subbitsplit,301056.0,11
15,33,gcd_uniq,196608.0,
18,33,bitsplit,8650752.0,
18,33,sort,25770590208.0,
18,33,subbitsplit,2031616.0,16
18,33,gcd_uniq,1572864.0,
0,34,bitsplit,34.0,
0,34,sort,51539607555.0,
0,34,subbitsplit,58.0,3
0,34,gcd_uniq,6.0,
3,34,bitsplit,272.0,
3,34,sort,51539607576.0,
3,34,subbitsplit,256.0,4
3,34,gcd_uniq,48.0,
6,34,bitsplit,2176.0,
6,34,sort,51539607744.0,
6,34,subbitsplit,1408.0,6
6,34,gcd_uniq,384.0,
9,34,bitsplit,17408.0,
9,34,sort,51539609088.0,
9,34,subbitsplit,7936.0,8
9,34,gcd_uniq,3072.0,
12,34,bitsplit,139264.0,
12,34,sort,51539619840.0,
12,34,subbitsplit,47104.0,11
12,34,gcd_uniq,24576.0,
15,34,bitsplit,1114112.0,
15,34,sort,51539705856.0,
15,34,subbitsplit,333824.0,11
15,34,gcd_uniq,196608.0,
18,34,bitsplit,8912896.0,
18,34,sort,51540393984.0,
18,34,subbitsplit,1966080.0,17
18,34,gcd_uniq,1572864.0,
0,35,bitsplit,35.0,
0,35,sort,103079215107.0,
0,35,subbitsplit,59.0,3
0,35,gcd_uniq,6.0,
3,35,bitsplit,280.0,
3,35,sort,103079215128.0,
3,35,subbitsplit,264.0,5
3,35,gcd_uniq,48.0,
6,35,bitsplit,2240.0,
6,35,sort,103079215296.0,
6,35,subbitsplit,1344.0,7
6,35,gcd_uniq,384.0,
9,35,bitsplit,17920.0,
9,35,sort,103079216640.0,
9,35,subbitsplit,8064.0,7
9,35,gcd_uniq,3072.0,
12,35,bitsplit,143360.0,
12,35,sort,103079227392.0,
12,35,subbitsplit,51200.0,11
12,35,gcd_uniq,24576.0,
15,35,bitsplit,1146880.0,
15,35,sort,103079313408.0,
15,35,subbitsplit,366592.0,11
15,35,gcd_uniq,196608.0,
18,35,bitsplit,9175040.0,
18,35,sort,103080001536.0,
18,35,subbitsplit,2228224.0,17
18,35,gcd_uniq,1572864.0,
0,36,bitsplit,36.0,
0,36,sort,206158430211.0,
0,36,subbitsplit,60.0,3
0,36,gcd_uniq,6.0,
3,36,bitsplit,288.0,
3,36,sort,206158430232.0,
3,36,subbitsplit,264.0,4
3,36,gcd_uniq,48.0,
6,36,bitsplit,2304.0,
6,36,sort,206158430400.0,
6,36,subbitsplit,1344.0,6
6,36,gcd_uniq,384.0,
9,36,bitsplit,18432.0,
9,36,sort,206158431744.0,
9,36,subbitsplit,7680.0,9
9,36,gcd_uniq,3072.0,
12,36,bitsplit,147456.0,
12,36,sort,206158442496.0,
12,36,subbitsplit,49152.0,12
12,36,gcd_uniq,24576.0,
15,36,bitsplit,1179648.0,
15,36,sort,206158528512.0,
15,36,subbitsplit,307200.0,12
15,36,gcd_uniq,196608.0,
18,36,bitsplit,9437184.0,
18,36,sort,206159216640.0,
18,36,subbitsplit,2359296.0,18
18,36,gcd_uniq,1572864.0,
0,37,bitsplit,37.0,
0,37,sort,412316860419.0,
0,37,subbitsplit,61.0,3
0,37,gcd_uniq,6.0,
3,37,bitsplit,296.0,
3,37,sort,412316860440.0,
3,37,subbitsplit,272.0,4
3,37,gcd_uniq,48.0,
6,37,bitsplit,2368.0,
6,37,sort,412316860608.0,
6,37,subbitsplit,1408.0,6
6,37,gcd_uniq,384.0,
9,37,bitsplit,18944.0,
9,37,sort,412316861952.0,
9,37,subbitsplit,8192.0,9
9,37,gcd_uniq,3072.0,
12,37,bitsplit,151552.0,
12,37,sort,412316872704.0,
12,37,subbitsplit,53248.0,12
12,37,gcd_uniq,24576.0,
15,37,bitsplit,1212416.0,
15,37,sort,412316958720.0,
15,37,subbitsplit,339968.0,12
15,37,gcd_uniq,196608.0,
18,37,bitsplit,9699328.0,
18,37,sort,412317646848.0,
18,37,subbitsplit,2621440.0,18
18,37,gcd_uniq,1572864.0,
0,38,bitsplit,38.0,
0,38,sort,824633720835.0,
0,38,subbitsplit,62.0,3
0,38,gcd_uniq,6.0,
3,38,bitsplit,304.0,
3,38,sort,824633720856.0,
3,38,subbitsplit,280.0,4
3,38,gcd_uniq,48.0,
6,38,bitsplit,2432.0,
6,38,sort,824633721024.0,
6,38,subbitsplit,1472.0,6
6,38,gcd_uniq,384.0,
9,38,bitsplit,19456.0,
9,38,sort,824633722368.0,
9,38,subbitsplit,8704.0,9
9,38,gcd_uniq,3072.0,
12,38,bitsplit,155648.0,
12,38,sort,824633733120.0,
12,38,subbitsplit,57344.0,12
12,38,gcd_uniq,24576.0,
15,38,bitsplit,1245184.0,
15,38,sort,824633819136.0,
15,38,subbitsplit,372736.0,12
15,38,gcd_uniq,196608.0,
18,38,bitsplit,9961472.0,
18,38,sort,824634507264.0,
18,38,subbitsplit,2883584.0,18
18,38,gcd_uniq,1572864.0,
0,39,bitsplit,39.0,
0,39,sort,1649267441667.0,
0,39,subbitsplit,63.0,3
0,39,gcd_uniq,6.0,
3,39,bitsplit,312.0,
3,39,sort,1649267441688.0,
3,39,subbitsplit,288.0,4
3,39,gcd_uniq,48.0,
6,39,bitsplit,2496.0,
6,39,sort,1649267441856.0,
6,39,subbitsplit,1536.0,6
6,39,gcd_uniq,384.0,
9,39,bitsplit,19968.0,
9,39,sort,1649267443200.0,
9,39,subbitsplit,9216.0,9
9,39,gcd_uniq,3072.0,
12,39,bitsplit,159744.0,
12,39,sort,1649267453952.0,
12,39,subbitsplit,61440.0,13
12,39,gcd_uniq,24576.0,
15,39,bitsplit,1277952.0,
15,39,sort,1649267539968.0,
15,39,subbitsplit,319488.0,13
15,39,gcd_uniq,196608.0,
18,39,bitsplit,10223616.0,
18,39,sort,1649268228096.0,
18,39,subbitsplit,2383872.0,13
18,39,gcd_uniq,1572864.0,
0,40,bitsplit,40.0,
0,40,sort,3298534883331.0,
0,40,subbitsplit,64.0,3
0,40,gcd_uniq,6.0,
3,40,bitsplit,320.0,
3,40,sort,3298534883352.0,
3,40,subbitsplit,288.0,5
3,40,gcd_uniq,48.0,
6,40,bitsplit,2560.0,
6,40,sort,3298534883520.0,
6,40,subbitsplit,1600.0,6
6,40,gcd_uniq,384.0,
9,40,bitsplit,20480.0,
9,40,sort,3298534884864.0,
9,40,subbitsplit,8448.0,8
9,40,gcd_uniq,3072.0,
12,40,bitsplit,163840.0,
12,40,sort,3298534895616.0,
12,40,subbitsplit,52224.0,10
12,40,gcd_uniq,24576.0,
15,40,bitsplit,1310720.0,
15,40,sort,3298534981632.0,
15,40,subbitsplit,352256.0,13
15,40,gcd_uniq,196608.0,
18,40,bitsplit,10485760.0,
18,40,sort,3298535669760.0,
18,40,subbitsplit,2646016.0,13
18,40,gcd_uniq,1572864.0,
0,41,bitsplit,41.0,
0,41,sort,6597069766659.0,
0,41,subbitsplit,65.0,3
0,41,gcd_uniq,6.0,
3,41,bitsplit,328.0,
3,41,sort,6597069766680.0,
3,41,subbitsplit,296.0,5
3,41,gcd_uniq,48.0,
6,41,bitsplit,2624.0,
6,41,sort,6597069766848.0,
6,41,subbitsplit,1664.0,6
6,41,gcd_uniq,384.0,
9,41,bitsplit,20992.0,
9,41,sort,6597069768192.0,
9,41,subbitsplit,8960.0,8
9,41,gcd_uniq,3072.0,
12,41,bitsplit,167936.0,
12,41,sort,6597069778944.0,
12,41,subbitsplit,56320.0,10
12,41,gcd_uniq,24576.0,
15,41,bitsplit,1343488.0,
15,41,sort,6597069864960.0,
15,41,subbitsplit,385024.0,13
15,41,gcd_uniq,196608.0,
18,41,bitsplit,10747904.0,
18,41,sort,6597070553088.0,
18,41,subbitsplit,2908160.0,13
18,41,gcd_uniq,1572864.0,
0,42,bitsplit,42.0,
0,42,sort,13194139533315.0,
0,42,subbitsplit,66.0,3
0,42,gcd_uniq,6.0,
3,42,bitsplit,336.0,
3,42,sort,13194139533336.0,
3,42,subbitsplit,304.0,5
3,42,gcd_uniq,48.0,
6,42,bitsplit,2688.0,
6,42,sort,13194139533504.0,
6,42,subbitsplit,1536.0,7
6,42,gcd_uniq,384.0,
9,42,bitsplit,21504.0,
9,42,sort,13194139534848.0,
9,42,subbitsplit,9472.0,8
9,42,gcd_uniq,3072.0,
12,42,bitsplit,172032.0,
12,42,sort,13194139545600.0,
12,42,subbitsplit,60416.0,10
12,42,gcd_uniq,24576.0,
15,42,bitsplit,1376256.0,
15,42,sort,13194139631616.0,
15,42,subbitsplit,344064.0,14
15,42,gcd_uniq,196608.0,
18,42,bitsplit,11010048.0,
18,42,sort,13194140319744.0,
18,42,subbitsplit,2408448.0,14
18,42,gcd_uniq,1572864.0,
0,43,bitsplit,43.0,
0,43,sort,26388279066627.0,
0,43,subbitsplit,67.0,3
0,43,gcd_uniq,6.0,
3,43,bitsplit,344.0,
3,43,sort,26388279066648.0,
3,43,subbitsplit,312.0,5
3,43,gcd_uniq,48.0,
6,43,bitsplit,2752.0,
6,43,sort,26388279066816.0,
6,43,subbitsplit,1600.0,7
6,43,gcd_uniq,384.0,
9,43,bitsplit,22016.0,
9,43,sort,26388279068160.0,
9,43,subbitsplit,9984.0,8
9,43,gcd_uniq,3072.0,
12,43,bitsplit,176128.0,
12,43,sort,26388279078912.0,
12,43,subbitsplit,64512.0,10
12,43,gcd_uniq,24576.0,
15,43,bitsplit,1409024.0,
15,43,sort,26388279164928.0,
15,43,subbitsplit,376832.0,14
15,43,gcd_uniq,196608.0,
18,43,bitsplit,11272192.0,
18,43,sort,26388279853056.0,
18,43,subbitsplit,2670592.0,14
18,43,gcd_uniq,1572864.0,
0,44,bitsplit,44.0,
0,44,sort,52776558133251.0,
0,44,subbitsplit,68.0,3
0,44,gcd_uniq,6.0,
3,44,bitsplit,352.0,
3,44,sort,52776558133272.0,
3,44,subbitsplit,312.0,4
3,44,gcd_uniq,48.0,
6,44,bitsplit,2816.0,
6,44,sort,52776558133440.0,
6,44,subbitsplit,1664.0,7
6,44,gcd_uniq,384.0,
9,44,bitsplit,22528.0,
9,44,sort,52776558134784.0,
9,44,subbitsplit,10496.0,8
9,44,gcd_uniq,3072.0,
12,44,bitsplit,180224.0,
12,44,sort,52776558145536.0,
12,44,subbitsplit,55296.0,11
12,44,gcd_uniq,24576.0,
15,44,bitsplit,1441792.0,
15,44,sort,52776558231552.0,
15,44,subbitsplit,399360.0,11
15,44,gcd_uniq,196608.0,
18,44,bitsplit,11534336.0,
18,44,sort,52776558919680.0,
18,44,subbitsplit,2932736.0,14
18,44,gcd_uniq,1572864.0,
0,45,bitsplit,45.0,
0,45,sort,105553116266499.0,
0,45,subbitsplit,69.0,3
0,45,gcd_uniq,6.0,
3,45,bitsplit,360.0,
3,45,sort,105553116266520.0,
3,45,subbitsplit,312.0,5
3,45,gcd_uniq,48.0,
6,45,bitsplit,2880.0,
6,45,sort,105553116266688.0,
6,45,subbitsplit,1728.0,7
6,45,gcd_uniq,384.0,
9,45,bitsplit,23040.0,
9,45,sort,105553116268032.0,
9,45,subbitsplit,9216.0,9
9,45,gcd_uniq,3072.0,
12,45,bitsplit,184320.0,
12,45,sort,105553116278784.0,
12,45,subbitsplit,59392.0,11
12,45,gcd_uniq,24576.0,
15,45,bitsplit,1474560.0,
15,45,sort,105553116364800.0,
15,45,subbitsplit,393216.0,15
15,45,gcd_uniq,196608.0,
18,45,bitsplit,11796480.0,
18,45,sort,105553117052928.0,
18,45,subbitsplit,2457600.0,15
18,45,gcd_uniq,1572864.0,
0,46,bitsplit,46.0,
0,46,sort,211106232532995.0,
0,46,subbitsplit,70.0,3
0,46,gcd_uniq,6.0,
3,46,bitsplit,368.0,
3,46,sort,211106232533016.0,
3,46,subbitsplit,320.0,5
3,46,gcd_uniq,48.0,
6,46,bitsplit,2944.0,
6,46,sort,211106232533184.0,
6,46,subbitsplit,1792.0,7
6,46,gcd_uniq,384.0,
9,46,bitsplit,23552.0,
9,46,sort,211106232534528.0,
9,46,subbitsplit,9728.0,9
9,46,gcd_uniq,3072.0,
12,46,bitsplit,188416.0,
12,46,sort,211106232545280.0,
12,46,subbitsplit,63488.0,11
12,46,gcd_uniq,24576.0,
15,46,bitsplit,1507328.0,
15,46,sort,211106232631296.0,
15,46,subbitsplit,425984.0,15
15,46,gcd_uniq,196608.0,
18,46,bitsplit,12058624.0,
18,46,sort,211106233319424.0,
18,46,subbitsplit,2719744.0,15
18,46,gcd_uniq,1572864.0,
0,47,bitsplit,47.0,
0,47,sort,422212465065987.0,
0,47,subbitsplit,71.0,3
0,47,gcd_uniq,6.0,
3,47,bitsplit,376.0,
3,47,sort,422212465066008.0,
3,47,subbitsplit,328.0,5
3,47,gcd_uniq,48.0,
6,47,bitsplit,3008.0,
6,47,sort,422212465066176.0,
6,47,subbitsplit,1856.0,7
6,47,gcd_uniq,384.0,
9,47,bitsplit,24064.0,
9,47,sort,422212465067520.0,
9,47,subbitsplit,10240.0,9
9,47,gcd_uniq,3072.0,
12,47,bitsplit,192512.0,
12,47,sort,422212465078272.0,
12,47,subbitsplit,67584.0,11
12,47,gcd_uniq,24576.0,
15,47,bitsplit,1540096.0,
15,47,sort,422212465164288.0,
15,47,subbitsplit,458752.0,15
15,47,gcd_uniq,196608.0,
18,47,bitsplit,12320768.0,
18,47,sort,422212465852416.0,
18,47,subbitsplit,2981888.0,15
18,47,gcd_uniq,1572864.0,
0,48,bitsplit,48.0,
0,48,sort,844424930131971.0,
0,48,subbitsplit,72.0,3
0,48,gcd_uniq,6.0,
3,48,bitsplit,384.0,
3,48,sort,844424930131992.0,
3,48,subbitsplit,336.0,5
3,48,gcd_uniq,48.0,
6,48,bitsplit,3072.0,
6,48,sort,844424930132160.0,
6,48,subbitsplit,1728.0,6
6,48,gcd_uniq,384.0,
9,48,bitsplit,24576.0,
9,48,sort,844424930133504.0,
9,48,subbitsplit,9984.0,8
9,48,gcd_uniq,3072.0,
12,48,bitsplit,196608.0,
12,48,sort,844424930144256.0,
12,48,subbitsplit,61440.0,12
12,48,gcd_uniq,24576.0,
15,48,bitsplit,1572864.0,
15,48,sort,844424930230272.0,
15,48,subbitsplit,405504.0,12
15,48,gcd_uniq,196608.0,
18,48,bitsplit,12582912.0,
18,48,sort,844424930918400.0,
18,48,subbitsplit,2555904.0,16
18,48,gcd_uniq,1572864.0,
0,49,bitsplit,49.0,
0,49,sort,1688849860263939.0,
0,49,subbitsplit,73.0,3
0,49,gcd_uniq,6.0,
3,49,bitsplit,392.0,
3,49,sort,1688849860263960.0,
3,49,subbitsplit,344.0,5
3,49,gcd_uniq,48.0,
6,49,bitsplit,3136.0,
6,49,sort,1688849860264128.0,
6,49,subbitsplit,1728.0,7
6,49,gcd_uniq,384.0,
9,49,bitsplit,25088.0,
9,49,sort,1688849860265472.0,
9,49,subbitsplit,10496.0,8
9,49,gcd_uniq,3072.0,
12,49,bitsplit,200704.0,
12,49,sort,1688849860276224.0,
12,49,subbitsplit,65536.0,12
12,49,gcd_uniq,24576.0,
15,49,bitsplit,1605632.0,
15,49,sort,1688849860362240.0,
15,49,subbitsplit,438272.0,12
15,49,gcd_uniq,196608.0,
18,49,bitsplit,12845056.0,
18,49,sort,1688849861050368.0,
18,49,subbitsplit,2818048.0,16
18,49,gcd_uniq,1572864.0,
0,50,bitsplit,50.0,
0,50,sort,3377699720527875.0,
0,50,subbitsplit,74.0,3
0,50,gcd_uniq,6.0,
3,50,bitsplit,400.0,
3,50,sort,3377699720527896.0,
3,50,subbitsplit,336.0,5
3,50,gcd_uniq,48.0,
6,50,bitsplit,3200.0,
6,50,sort,3377699720528064.0,
6,50,subbitsplit,1792.0,7
6,50,gcd_uniq,384.0,
9,50,bitsplit,25600.0,
9,50,sort,3377699720529408.0,
9,50,subbitsplit,10752.0,10
9,50,gcd_uniq,3072.0,
12,50,bitsplit,204800.0,
12,50,sort,3377699720540160.0,
12,50,subbitsplit,64512.0,10
12,50,gcd_uniq,24576.0,
15,50,bitsplit,1638400.0,
15,50,sort,3377699720626176.0,
15,50,subbitsplit,471040.0,12
15,50,gcd_uniq,196608.0,
18,50,bitsplit,13107200.0,
18,50,sort,3377699721314304.0,
18,50,subbitsplit,3080192.0,16
18,50,gcd_uniq,1572864.0,
0,51,bitsplit,51.0,
0,51,sort,6755399441055747.0,
0,51,subbitsplit,75.0,3
0,51,gcd_uniq,6.0,
3,51,bitsplit,408.0,
3,51,sort,6755399441055768.0,
3,51,subbitsplit,344.0,5
3,51,gcd_uniq,48.0,
6,51,bitsplit,3264.0,
6,51,sort,6755399441055936.0,
6,51,subbitsplit,1856.0,7
6,51,gcd_uniq,384.0,
9,51,bitsplit,26112.0,
9,51,sort,6755399441057280.0,
9,51,subbitsplit,11264.0,10
9,51,gcd_uniq,3072.0,
12,51,bitsplit,208896.0,
12,51,sort,6755399441068032.0,
12,51,subbitsplit,68608.0,10
12,51,gcd_uniq,24576.0,
15,51,bitsplit,1671168.0,
15,51,sort,6755399441154048.0,
15,51,subbitsplit,503808.0,12
15,51,gcd_uniq,196608.0,
18,51,bitsplit,13369344.0,
18,51,sort,6755399441842176.0,
18,51,subbitsplit,2752512.0,17
18,51,gcd_uniq,1572864.0,
0,52,bitsplit,52.0,
0,52,sort,1.3510798882111492e+16,
0,52,subbitsplit,76.0,3
0,52,gcd_uniq,6.0,
3,52,bitsplit,416.0,
3,52,sort,1.3510798882111512e+16,
3,52,subbitsplit,352.0,5
3,52,gcd_uniq,48.0,
6,52,bitsplit,3328.0,
6,52,sort,1.351079888211168e+16,
6,52,subbitsplit,1920.0,7
6,52,gcd_uniq,384.0,
9,52,bitsplit,26624.0,
9,52,sort,1.3510798882113024e+16,
9,52,subbitsplit,11776.0,10
9,52,gcd_uniq,3072.0,
12,52,bitsplit,212992.0,
12,52,sort,1.3510798882123776e+16,
12,52,subbitsplit,72704.0,10
12,52,gcd_uniq,24576.0,
15,52,bitsplit,1703936.0,
15,52,sort,1.3510798882209792e+16,
15,52,subbitsplit,417792.0,13
15,52,gcd_uniq,196608.0,
18,52,bitsplit,13631488.0,
18,52,sort,1.351079888289792e+16,
18,52,subbitsplit,3014656.0,17
18,52,gcd_uniq,1572864.0,
0,53,bitsplit,53.0,
0,53,sort,2.702159776422298e+16,
0,53,subbitsplit,77.0,3
0,53,gcd_uniq,6.0,
3,53,bitsplit,424.0,
3,53,sort,2.7021597764223e+16,
3,53,subbitsplit,360.0,5
3,53,gcd_uniq,48.0,
6,53,bitsplit,3392.0,
6,53,sort,2.702159776422317e+16,
6,53,subbitsplit,1984.0,7
6,53,gcd_uniq,384.0,
9,53,bitsplit,27136.0,
9,53,sort,2.702159776422451e+16,
9,53,subbitsplit,12288.0,10
9,53,gcd_uniq,3072.0,
12,53,bitsplit,217088.0,
12,53,sort,2.7021597764235264e+16,
12,53,subbitsplit,76800.0,10
12,53,gcd_uniq,24576.0,
15,53,bitsplit,1736704.0,
15,53,sort,2.702159776432128e+16,
15,53,subbitsplit,450560.0,13
15,53,gcd_uniq,196608.0,
18,53,bitsplit,13893632.0,
18,53,sort,2.702159776500941e+16,
18,53,subbitsplit,3276800.0,17
18,53,gcd_uniq,1572864.0,
0,54,bitsplit,54.0,
0,54,sort,5.404319552844595e+16,
0,54,subbitsplit,78.0,3
0,54,gcd_uniq,6.0,
3,54,bitsplit,432.0,
3,54,sort,5.4043195528445976e+16,
3,54,subbitsplit,368.0,5
3,54,gcd_uniq,48.0,
6,54,bitsplit,3456.0,
6,54,sort,5.404319552844614e+16,
6,54,subbitsplit,1920.0,6
6,54,gcd_uniq,384.0,
9,54,bitsplit,27648.0,
9,54,sort,5.404319552844749e+16,
9,54,subbitsplit,10752.0,9
9,54,gcd_uniq,3072.0,
12,54,bitsplit,221184.0,
12,54,sort,5.404319552845824e+16,
12,54,subbitsplit,75264.0,9
12,54,gcd_uniq,24576.0,
15,54,bitsplit,1769472.0,
15,54,sort,5.404319552854426e+16,
15,54,subbitsplit,483328.0,13
15,54,gcd_uniq,196608.0,
18,54,bitsplit,14155776.0,
18,54,sort,5.404319552923238e+16,
18,54,subbitsplit,3145728.0,18
18,54,gcd_uniq,1572864.0,
0,55,bitsplit,55.0,
0,55,sort,1.080863910568919e+17,
0,55,subbitsplit,79.0,3
0,55,gcd_uniq,6.0,
3,55,bitsplit,440.0,
3,55,sort,1.0808639105689194e+17,
3,55,subbitsplit,360.0,5
3,55,gcd_uniq,48.0,
6,55,bitsplit,3520.0,
6,55,sort,1.080863910568921e+17,
6,55,subbitsplit,1984.0,6
6,55,gcd_uniq,384.0,
9,55,bitsplit,28160.0,
9,55,sort,1.0808639105689344e+17,
9,55,subbitsplit,11264.0,9
9,55,gcd_uniq,3072.0,
12,55,bitsplit,225280.0,
12,55,sort,1.080863910569042e+17,
12,55,subbitsplit,67584.0,11
12,55,gcd_uniq,24576.0,
15,55,bitsplit,1802240.0,
15,55,sort,1.080863910569902e+17,
15,55,subbitsplit,497664.0,11
15,55,gcd_uniq,196608.0,
18,55,bitsplit,14417920.0,
18,55,sort,1.0808639105767834e+17,
18,55,subbitsplit,3407872.0,18
18,55,gcd_uniq,1572864.0,
0,56,bitsplit,56.0,
0,56,sort,2.161727821137838e+17,
0,56,subbitsplit,80.0,3
0,56,gcd_uniq,6.0,
3,56,bitsplit,448.0,
3,56,sort,2.1617278211378384e+17,
3,56,subbitsplit,368.0,5
3,56,gcd_uniq,48.0,
6,56,bitsplit,3584.0,
6,56,sort,2.16172782113784e+17,
6,56,subbitsplit,1920.0,7
6,56,gcd_uniq,384.0,
9,56,bitsplit,28672.0,
9,56,sort,2.1617278211378534e+17,
9,56,subbitsplit,11520.0,8
9,56,gcd_uniq,3072.0,
12,56,bitsplit,229376.0,
12,56,sort,2.161727821137961e+17,
12,56,subbitsplit,71680.0,11
12,56,gcd_uniq,24576.0,
15,56,bitsplit,1835008.0,
15,56,sort,2.161727821138821e+17,
15,56,subbitsplit,442368.0,14
15,56,gcd_uniq,196608.0,
18,56,bitsplit,14680064.0,
18,56,sort,2.1617278211457024e+17,
18,56,subbitsplit,3194880.0,14
18,56,gcd_uniq,1572864.0,
0,57,bitsplit,57.0,
0,57,sort,4.323455642275676e+17,
0,57,subbitsplit,81.0,3
0,57,gcd_uniq,6.0,
3,57,bitsplit,456.0,
3,57,sort,4.323455642275676e+17,
3,57,subbitsplit,376.0,5
3,57,gcd_uniq,48.0,
6,57,bitsplit,3648.0,
6,57,sort,4.323455642275678e+17,
6,57,subbitsplit,1984.0,7
6,57,gcd_uniq,384.0,
9,57,bitsplit,29184.0,
9,57,sort,4.3234556422756915e+17,
9,57,subbitsplit,12032.0,8
9,57,gcd_uniq,3072.0,
12,57,bitsplit,233472.0,
12,57,sort,4.323455642275799e+17,
12,57,subbitsplit,75776.0,11
12,57,gcd_uniq,24576.0,
15,57,bitsplit,1867776.0,
15,57,sort,4.323455642276659e+17,
15,57,subbitsplit,475136.0,14
15,57,gcd_uniq,196608.0,
18,57,bitsplit,14942208.0,
18,57,sort,4.3234556422835405e+17,
18,57,subbitsplit,3457024.0,14
18,57,gcd_uniq,1572864.0,
0,58,bitsplit,58.0,
0,58,sort,8.646911284551352e+17,
0,58,subbitsplit,82.0,3
0,58,gcd_uniq,6.0,
3,58,bitsplit,464.0,
3,58,sort,8.646911284551352e+17,
3,58,subbitsplit,384.0,5
3,58,gcd_uniq,48.0,
6,58,bitsplit,3712.0,
6,58,sort,8.646911284551355e+17,
6,58,subbitsplit,2048.0,7
6,58,gcd_uniq,384.0,
9,58,bitsplit,29696.0,
9,58,sort,8.646911284551368e+17,
9,58,subbitsplit,12544.0,8
9,58,gcd_uniq,3072.0,
12,58,bitsplit,237568.0,
12,58,sort,8.646911284551475e+17,
12,58,subbitsplit,79872.0,11
12,58,gcd_uniq,24576.0,
15,58,bitsplit,1900544.0,
15,58,sort,8.646911284552335e+17,
15,58,subbitsplit,507904.0,14
15,58,gcd_uniq,196608.0,
18,58,bitsplit,15204352.0,
18,58,sort,8.646911284559217e+17,
18,58,subbitsplit,3719168.0,14
18,58,gcd_uniq,1572864.0,
0,59,bitsplit,59.0,
0,59,sort,1.7293822569102705e+18,
0,59,subbitsplit,83.0,3
0,59,gcd_uniq,6.0,
3,59,bitsplit,472.0,
3,59,sort,1.7293822569102705e+18,
3,59,subbitsplit,392.0,5
3,59,gcd_uniq,48.0,
6,59,bitsplit,3776.0,
6,59,sort,1.7293822569102707e+18,
6,59,subbitsplit,2112.0,7
6,59,gcd_uniq,384.0,
9,59,bitsplit,30208.0,
9,59,sort,1.729382256910272e+18,
9,59,subbitsplit,13056.0,8
9,59,gcd_uniq,3072.0,
12,59,bitsplit,241664.0,
12,59,sort,1.7293822569102828e+18,
12,59,subbitsplit,83968.0,11
12,59,gcd_uniq,24576.0,
15,59,bitsplit,1933312.0,
15,59,sort,1.7293822569103688e+18,
15,59,subbitsplit,540672.0,14
15,59,gcd_uniq,196608.0,
18,59,bitsplit,15466496.0,
18,59,sort,1.729382256911057e+18,
18,59,subbitsplit,3981312.0,14
18,59,gcd_uniq,1572864.0,
0,60,bitsplit,60.0,
0,60,sort,3.458764513820541e+18,
0,60,subbitsplit,84.0,3
0,60,gcd_uniq,6.0,
3,60,bitsplit,480.0,
3,60,sort,3.458764513820541e+18,
3,60,subbitsplit,384.0,5
3,60,gcd_uniq,48.0,
6,60,bitsplit,3840.0,
6,60,sort,3.458764513820541e+18,
6,60,subbitsplit,2112.0,6
6,60,gcd_uniq,384.0,
9,60,bitsplit,30720.0,
9,60,sort,3.4587645138205425e+18,
9,60,subbitsplit,12288.0,10
9,60,gcd_uniq,3072.0,
12,60,bitsplit,245760.0,
12,60,sort,3.458764513820553e+18,
12,60,subbitsplit,73728.0,12
12,60,gcd_uniq,24576.0,
15,60,bitsplit,1966080.0,
15,60,sort,3.458764513820639e+18,
15,60,subbitsplit,491520.0,15
15,60,gcd_uniq,196608.0,
18,60,bitsplit,15728640.0,
18,60,sort,3.4587645138213274e+18,
18,60,subbitsplit,3244032.0,15
18,60,gcd_uniq,1572864.0,
0,61,bitsplit,61.0,
0,61,sort,6.917529027641082e+18,
0,61,subbitsplit,85.0,3
0,61,gcd_uniq,6.0,
3,61,bitsplit,488.0,
3,61,sort,6.917529027641082e+18,
3,61,subbitsplit,392.0,5
3,61,gcd_uniq,48.0,
6,61,bitsplit,3904.0,
6,61,sort,6.917529027641082e+18,
6,61,subbitsplit,2176.0,6
6,61,gcd_uniq,384.0,
9,61,bitsplit,31232.0,
9,61,sort,6.917529027641084e+18,
9,61,subbitsplit,12800.0,10
9,61,gcd_uniq,3072.0,
12,61,bitsplit,249856.0,
12,61,sort,6.917529027641094e+18,
12,61,subbitsplit,77824.0,12
12,61,gcd_uniq,24576.0,
15,61,bitsplit,1998848.0,
15,61,sort,6.91752902764118e+18,
15,61,subbitsplit,524288.0,15
15,61,gcd_uniq,196608.0,
18,61,bitsplit,15990784.0,
18,61,sort,6.917529027641868e+18,
18,61,subbitsplit,3506176.0,15
18,61,gcd_uniq,1572864.0,
0,62,bitsplit,62.0,
0,62,sort,1.3835058055282164e+19,
0,62,subbitsplit,86.0,3
0,62,gcd_uniq,6.0,
3,62,bitsplit,496.0,
3,62,sort,1.3835058055282164e+19,
3,62,subbitsplit,400.0,5
3,62,gcd_uniq,48.0,
6,62,bitsplit,3968.0,
6,62,sort,1.3835058055282164e+19,
6,62,subbitsplit,2240.0,6
6,62,gcd_uniq,384.0,
9,62,bitsplit,31744.0,
9,62,sort,1.3835058055282166e+19,
9,62,subbitsplit,13312.0,10
9,62,gcd_uniq,3072.0,
12,62,bitsplit,253952.0,
12,62,sort,1.3835058055282176e+19,
12,62,subbitsplit,81920.0,12
12,62,gcd_uniq,24576.0,
15,62,bitsplit,2031616.0,
15,62,sort,1.3835058055282262e+19,
15,62,subbitsplit,557056.0,15
15,62,gcd_uniq,196608.0,
18,62,bitsplit,16252928.0,
18,62,sort,1.383505805528295e+19,
18,62,subbitsplit,3768320.0,15
18,62,gcd_uniq,1572864.0,
0,63,bitsplit,63.0,
0,63,sort,2.7670116110564327e+19,
0,63,subbitsplit,87.0,3
0,63,gcd_uniq,6.0,
3,63,bitsplit,504.0,
3,63,sort,2.7670116110564327e+19,
3,63,subbitsplit,408.0,5
3,63,gcd_uniq,48.0,
6,63,bitsplit,4032.0,
6,63,sort,2.7670116110564327e+19,
6,63,subbitsplit,2112.0,7
6,63,gcd_uniq,384.0,
9,63,bitsplit,32256.0,
9,63,sort,2.7670116110564327e+19,
9,63,subbitsplit,12288.0,9
9,63,gcd_uniq,3072.0,
12,63,bitsplit,258048.0,
12,63,sort,2.767011611056434e+19,
12,63,subbitsplit,86016.0,12
12,63,gcd_uniq,24576.0,
15,63,bitsplit,2064384.0,
15,63,sort,2.7670116110564426e+19,
15,63,subbitsplit,589824.0,15
15,63,gcd_uniq,196608.0,
18,63,bitsplit,16515072.0,
18,63,sort,2.7670116110565114e+19,
18,63,subbitsplit,4030464.0,15
18,63,gcd_uniq,1572864.0,
0,64,bitsplit,64.0,
0,64,sort,5.5340232221128655e+19,
0,64,subbitsplit,88.0,3
0,64,gcd_uniq,6.0,
3,64,bitsplit,512.0,
3,64,sort,5.5340232221128655e+19,
3,64,subbitsplit,416.0,5
3,64,gcd_uniq,48.0,
6,64,bitsplit,4096.0,
6,64,sort,5.5340232221128655e+19,
6,64,subbitsplit,2176.0,7
6,64,gcd_uniq,384.0,
9,64,bitsplit,32768.0,
9,64,sort,5.5340232221128655e+19,
9,64,subbitsplit,12800.0,9
9,64,gcd_uniq,3072.0,
12,64,bitsplit,262144.0,
12,64,sort,5.534023222112867e+19,
12,64,subbitsplit,90112.0,12
12,64,gcd_uniq,24576.0,
15,64,bitsplit,2097152.0,
15,64,sort,5.534023222112875e+19,
15,64,subbitsplit,589824.0,16
15,64,gcd_uniq,196608.0,
18,64,bitsplit,16777216.0,
18,64,sort,5.534023222112944e+19,
18,64,subbitsplit,3342336.0,16
18,64,gcd_uniq,1572864.0,
